what,kind,bundleId,bundleVersion,description,time
executed,command,org.eclipse.ui,3.7.0.I20110602-0100,"org.eclipse.ui.edit.delete",1321524394000
executed,command,org.eclipse.ui,3.7.0.I20110602-0100,"org.eclipse.ui.edit.delete",1321524394671
executed,command,org.eclipse.ui,3.7.0.I20110602-0100,"org.eclipse.ui.edit.delete",1321524394859
started,bundle,org.eclipse.mylyn.ide.ui,3.6.0.v20110608-1400,"org.eclipse.mylyn.ide.ui",1321524499000
started,bundle,org.eclipse.jst.ws.jaxws.ui,1.0.100.v201104032053,"org.eclipse.jst.ws.jaxws.ui",1321524499015
started,bundle,org.eclipse.jpt.jaxb.ui,1.1.1.v201108080010,"org.eclipse.jpt.jaxb.ui",1321524499031
started,bundle,org.eclipse.mylyn.java.ui,3.6.0.v20110608-1400,"org.eclipse.mylyn.java.ui",1321524499031
started,bundle,org.eclipse.pde.api.tools,1.0.300.v20110523-1600,"org.eclipse.pde.api.tools",1321524499078
started,bundle,org.eclipse.pde.api.tools.ui,1.0.300.v20110523-1600,"org.eclipse.pde.api.tools.ui",1321524499078
started,bundle,org.eclipse.jpt.jpa.ui,3.0.1.v201108080010,"org.eclipse.jpt.jpa.ui",1321524499093
started,bundle,org.eclipse.jpt.common.core,1.0.1.v201108080010,"org.eclipse.jpt.common.core",1321524499109
started,bundle,org.eclipse.jpt.jpa.core,3.0.1.v201109073010,"org.eclipse.jpt.jpa.core",1321524499125
started,bundle,org.eclipse.jpt.jaxb.core,1.0.1.v201108080010,"org.eclipse.jpt.jaxb.core",1321524499203
executed,command,org.eclipse.ui,3.7.0.I20110602-0100,"org.eclipse.ui.edit.delete",1321524507343
executed,command,org.eclipse.ui,3.7.0.I20110602-0100,"org.eclipse.ui.edit.delete",1321524507500
started,bundle,org.eclipse.wst.server.core,1.1.303.v20110816_1717,"org.eclipse.wst.server.core",1321524524218
started,bundle,org.eclipse.wst.server.ui,1.1.306.v20110823_1704,"org.eclipse.wst.server.ui",1321524524234
started,bundle,org.eclipse.wst.jsdt.debug.rhino.ui,1.0.0.v201103232243,"org.eclipse.wst.jsdt.debug.rhino.ui",1321524524265
started,bundle,org.eclipse.wst.jsdt.core,1.1.101.v201108151912,"org.eclipse.wst.jsdt.core",1321524524406
executed,command,org.eclipse.ui,3.7.0.I20110602-0100,"org.eclipse.ui.file.save",1321524526531
activated,view,org.eclipse.ui.navigator.resources,3.4.300.I20110421-1800,"org.eclipse.ui.navigator.ProjectExplorer",1321524531890
deactivated,workbench,org.eclipse.ui.workbench,3.7.0.I20110519-0100,"",1321524535000
activated,workbench,org.eclipse.ui.workbench,3.7.0.I20110519-0100,"",1321524540937
executed,command,org.eclipse.ui,3.7.0.I20110602-0100,"org.eclipse.ui.file.export",1321524540968
executed,command,org.eclipse.ui,3.7.0.I20110602-0100,"org.eclipse.ui.file.export",1321524540968
deactivated,workbench,org.eclipse.ui.workbench,3.7.0.I20110519-0100,"",1321524542015
activated,workbench,org.eclipse.ui.workbench,3.7.0.I20110519-0100,"",1321524544234
deactivated,workbench,org.eclipse.ui.workbench,3.7.0.I20110519-0100,"",1321524546296
activated,workbench,org.eclipse.ui.workbench,3.7.0.I20110519-0100,"",1321524547796
activated,editor,org.eclipse.jdt.ui,3.7.0.v20110531-1200,"org.eclipse.jdt.ui.CompilationUnitEditor",1321525873406
activated,editor,org.eclipse.jdt.ui,3.7.0.v20110531-1200,"org.eclipse.jdt.ui.CompilationUnitEditor",1321525880468
deactivated,workbench,org.eclipse.ui.workbench,3.7.0.I20110519-0100,"",1321525884609
activated,workbench,org.eclipse.ui.workbench,3.7.0.I20110519-0100,"",1321528497171
deactivated,workbench,org.eclipse.ui.workbench,3.7.0.I20110519-0100,"",1321528499609
activated,workbench,org.eclipse.ui.workbench,3.7.0.I20110519-0100,"",1321528697953
deactivated,workbench,org.eclipse.ui.workbench,3.7.0.I20110519-0100,"",1321528703046
activated,workbench,org.eclipse.ui.workbench,3.7.0.I20110519-0100,"",1321528712718
deactivated,workbench,org.eclipse.ui.workbench,3.7.0.I20110519-0100,"",1321528713812
activated,workbench,org.eclipse.ui.workbench,3.7.0.I20110519-0100,"",1321528717203
started,bundle,org.eclipse.m2e.launching,1.0.0.20110607-2117,"org.eclipse.m2e.launching",1321528757312
deactivated,workbench,org.eclipse.ui.workbench,3.7.0.I20110519-0100,"",1321528757875
activated,workbench,org.eclipse.ui.workbench,3.7.0.I20110519-0100,"",1321528759031
opened,view,org.eclipse.debug.ui,3.7.0.v20110518,"org.eclipse.debug.ui.DebugView",1321528759390
opened,view,org.eclipse.debug.ui,3.7.0.v20110518,"org.eclipse.debug.ui.VariableView",1321528759484
activated,perspective,org.eclipse.debug.ui,3.7.0.v20110518,"org.eclipse.debug.ui.DebugPerspective",1321528759531
opened,view,org.eclipse.debug.ui,3.7.0.v20110518,"org.eclipse.debug.ui.BreakpointView",1321528760390
executed,command,org.eclipse.debug.ui,3.7.0.v20110518,"org.eclipse.debug.ui.commands.StepInto",1321528773890
executed,command,org.eclipse.debug.ui,3.7.0.v20110518,"org.eclipse.debug.ui.commands.StepInto",1321528774234
executed,command,org.eclipse.debug.ui,3.7.0.v20110518,"org.eclipse.debug.ui.commands.StepInto",1321528774437
executed,command,org.eclipse.debug.ui,3.7.0.v20110518,"org.eclipse.debug.ui.commands.StepInto",1321528774609
executed,command,org.eclipse.debug.ui,3.7.0.v20110518,"org.eclipse.debug.ui.commands.StepInto",1321528775109
activated,editor,org.eclipse.jdt.ui,3.7.0.v20110531-1200,"org.eclipse.jdt.ui.CompilationUnitEditor",1321528775187
executed,command,org.eclipse.debug.ui,3.7.0.v20110518,"org.eclipse.debug.ui.commands.StepInto",1321528775203
executed,command,org.eclipse.debug.ui,3.7.0.v20110518,"org.eclipse.debug.ui.commands.StepInto",1321528775250
activated,editor,org.eclipse.jdt.ui,3.7.0.v20110531-1200,"org.eclipse.jdt.ui.CompilationUnitEditor",1321528775312
executed,command,org.eclipse.debug.ui,3.7.0.v20110518,"org.eclipse.debug.ui.commands.StepInto",1321528775312
executed,command,org.eclipse.debug.ui,3.7.0.v20110518,"org.eclipse.debug.ui.commands.StepInto",1321528775390
executed,command,org.eclipse.debug.ui,3.7.0.v20110518,"org.eclipse.debug.ui.commands.StepInto",1321528775437
executed,command,org.eclipse.debug.ui,3.7.0.v20110518,"org.eclipse.debug.ui.commands.StepInto",1321528775484
executed,command,org.eclipse.debug.ui,3.7.0.v20110518,"org.eclipse.debug.ui.commands.StepInto",1321528775531
executed,command,org.eclipse.debug.ui,3.7.0.v20110518,"org.eclipse.debug.ui.commands.StepInto",1321528775781
executed,command,org.eclipse.debug.ui,3.7.0.v20110518,"org.eclipse.debug.ui.commands.StepInto",1321528776046
executed,command,org.eclipse.debug.ui,3.7.0.v20110518,"org.eclipse.debug.ui.commands.StepInto",1321528782921
executed,command,org.eclipse.debug.ui,3.7.0.v20110518,"org.eclipse.debug.ui.commands.StepInto",1321528783500
executed,command,org.eclipse.debug.ui,3.7.0.v20110518,"org.eclipse.debug.ui.commands.StepInto",1321528783718
executed,command,org.eclipse.debug.ui,3.7.0.v20110518,"org.eclipse.debug.ui.commands.StepInto",1321528785031
executed,command,org.eclipse.debug.ui,3.7.0.v20110518,"org.eclipse.debug.ui.commands.StepInto",1321528785187
executed,command,org.eclipse.debug.ui,3.7.0.v20110518,"org.eclipse.debug.ui.commands.StepInto",1321528785687
executed,command,org.eclipse.debug.ui,3.7.0.v20110518,"org.eclipse.debug.ui.commands.StepInto",1321528785734
activated,editor,org.eclipse.jdt.ui,3.7.0.v20110531-1200,"org.eclipse.jdt.ui.CompilationUnitEditor",1321528785906
executed,command,org.eclipse.debug.ui,3.7.0.v20110518,"org.eclipse.debug.ui.commands.StepInto",1321528785968
activated,editor,org.eclipse.jdt.ui,3.7.0.v20110531-1200,"org.eclipse.jdt.ui.CompilationUnitEditor",1321528786093
executed,command,org.eclipse.debug.ui,3.7.0.v20110518,"org.eclipse.debug.ui.commands.StepInto",1321528786093
executed,command,org.eclipse.debug.ui,3.7.0.v20110518,"org.eclipse.debug.ui.commands.StepInto",1321528786156
executed,command,org.eclipse.debug.ui,3.7.0.v20110518,"org.eclipse.debug.ui.commands.StepInto",1321528786203
executed,command,org.eclipse.debug.ui,3.7.0.v20110518,"org.eclipse.debug.ui.commands.StepInto",1321528786250
executed,command,org.eclipse.debug.ui,3.7.0.v20110518,"org.eclipse.debug.ui.commands.StepInto",1321528786296
executed,command,org.eclipse.debug.ui,3.7.0.v20110518,"org.eclipse.debug.ui.commands.StepInto",1321528786343
executed,command,org.eclipse.debug.ui,3.7.0.v20110518,"org.eclipse.debug.ui.commands.StepInto",1321528786390
executed,command,org.eclipse.debug.ui,3.7.0.v20110518,"org.eclipse.debug.ui.commands.StepInto",1321528786437
executed,command,org.eclipse.debug.ui,3.7.0.v20110518,"org.eclipse.debug.ui.commands.StepInto",1321528786484
executed,command,org.eclipse.debug.ui,3.7.0.v20110518,"org.eclipse.debug.ui.commands.StepInto",1321528786531
executed,command,org.eclipse.debug.ui,3.7.0.v20110518,"org.eclipse.debug.ui.commands.StepInto",1321528786578
executed,command,org.eclipse.debug.ui,3.7.0.v20110518,"org.eclipse.debug.ui.commands.StepInto",1321528786625
executed,command,org.eclipse.debug.ui,3.7.0.v20110518,"org.eclipse.debug.ui.commands.StepInto",1321528786671
executed,command,org.eclipse.debug.ui,3.7.0.v20110518,"org.eclipse.debug.ui.commands.StepInto",1321528786718
activated,editor,org.eclipse.jdt.ui,3.7.0.v20110531-1200,"org.eclipse.jdt.ui.CompilationUnitEditor",1321528786781
executed,command,org.eclipse.debug.ui,3.7.0.v20110518,"org.eclipse.debug.ui.commands.StepInto",1321528786796
executed,command,org.eclipse.debug.ui,3.7.0.v20110518,"org.eclipse.debug.ui.commands.StepInto",1321528786859
activated,editor,org.eclipse.jdt.ui,3.7.0.v20110531-1200,"org.eclipse.jdt.ui.CompilationUnitEditor",1321528786906
executed,command,org.eclipse.debug.ui,3.7.0.v20110518,"org.eclipse.debug.ui.commands.StepInto",1321528786906
executed,command,org.eclipse.debug.ui,3.7.0.v20110518,"org.eclipse.debug.ui.commands.StepInto",1321528786953
executed,command,org.eclipse.debug.ui,3.7.0.v20110518,"org.eclipse.debug.ui.commands.StepInto",1321528787000
executed,command,org.eclipse.debug.ui,3.7.0.v20110518,"org.eclipse.debug.ui.commands.StepInto",1321528787046
executed,command,org.eclipse.debug.ui,3.7.0.v20110518,"org.eclipse.debug.ui.commands.StepInto",1321528787093
executed,command,org.eclipse.debug.ui,3.7.0.v20110518,"org.eclipse.debug.ui.commands.StepInto",1321528787140
executed,command,org.eclipse.debug.ui,3.7.0.v20110518,"org.eclipse.debug.ui.commands.StepInto",1321528787187
executed,command,org.eclipse.debug.ui,3.7.0.v20110518,"org.eclipse.debug.ui.commands.StepInto",1321528787234
executed,command,org.eclipse.debug.ui,3.7.0.v20110518,"org.eclipse.debug.ui.commands.StepInto",1321528787281
executed,command,org.eclipse.debug.ui,3.7.0.v20110518,"org.eclipse.debug.ui.commands.StepInto",1321528787328
executed,command,org.eclipse.debug.ui,3.7.0.v20110518,"org.eclipse.debug.ui.commands.StepInto",1321528787375
executed,command,org.eclipse.debug.ui,3.7.0.v20110518,"org.eclipse.debug.ui.commands.StepInto",1321528787421
executed,command,org.eclipse.debug.ui,3.7.0.v20110518,"org.eclipse.debug.ui.commands.StepInto",1321528787468
executed,command,org.eclipse.debug.ui,3.7.0.v20110518,"org.eclipse.debug.ui.commands.StepInto",1321528787515
executed,command,org.eclipse.debug.ui,3.7.0.v20110518,"org.eclipse.debug.ui.commands.StepInto",1321528787562
executed,command,org.eclipse.debug.ui,3.7.0.v20110518,"org.eclipse.debug.ui.commands.StepInto",1321528787609
executed,command,org.eclipse.debug.ui,3.7.0.v20110518,"org.eclipse.debug.ui.commands.StepInto",1321528787656
executed,command,org.eclipse.debug.ui,3.7.0.v20110518,"org.eclipse.debug.ui.commands.StepInto",1321528787703
activated,view,org.eclipse.debug.ui,3.7.0.v20110518,"org.eclipse.debug.ui.DebugView",1321528791765
executed,command,org.eclipse.debug.ui,3.7.0.v20110518,"org.eclipse.debug.ui.commands.Terminate",1321528791859
activated,editor,org.eclipse.jdt.ui,3.7.0.v20110531-1200,"org.eclipse.jdt.ui.CompilationUnitEditor",1321528800328
deactivated,workbench,org.eclipse.ui.workbench,3.7.0.I20110519-0100,"",1321528813015
activated,workbench,org.eclipse.ui.workbench,3.7.0.I20110519-0100,"",1321528813015
deactivated,workbench,org.eclipse.ui.workbench,3.7.0.I20110519-0100,"",1321528813125
activated,workbench,org.eclipse.ui.workbench,3.7.0.I20110519-0100,"",1321528830031
activated,editor,org.eclipse.jdt.ui,3.7.0.v20110531-1200,"org.eclipse.jdt.ui.CompilationUnitEditor",1321528860562
activated,view,org.eclipse.debug.ui,3.7.0.v20110518,"org.eclipse.debug.ui.DebugView",1321528862937
executed,command,org.eclipse.debug.ui,3.7.0.v20110518,"org.eclipse.debug.ui.commands.Terminate",1321528863078
activated,editor,org.eclipse.jdt.ui,3.7.0.v20110531-1200,"org.eclipse.jdt.ui.CompilationUnitEditor",1321528864046
activated,editor,org.eclipse.jdt.ui,3.7.0.v20110531-1200,"org.eclipse.jdt.ui.CompilationUnitEditor",1321528910953
activated,editor,org.eclipse.jdt.ui,3.7.0.v20110531-1200,"org.eclipse.jdt.ui.CompilationUnitEditor",1321528919359
deactivated,workbench,org.eclipse.ui.workbench,3.7.0.I20110519-0100,"",1321528933109
activated,workbench,org.eclipse.ui.workbench,3.7.0.I20110519-0100,"",1321528941812
executed,command,org.eclipse.ui,3.7.0.I20110602-0100,"org.eclipse.ui.file.save",1321529083421
deactivated,workbench,org.eclipse.ui.workbench,3.7.0.I20110519-0100,"",1321529116515
activated,workbench,org.eclipse.ui.workbench,3.7.0.I20110519-0100,"",1321529121625
executed,command,org.eclipse.ui,3.7.0.I20110602-0100,"org.eclipse.ui.file.export",1321529121656
deactivated,workbench,org.eclipse.ui.workbench,3.7.0.I20110519-0100,"",1321529122718
activated,workbench,org.eclipse.ui.workbench,3.7.0.I20110519-0100,"",1321529122718
deactivated,workbench,org.eclipse.ui.workbench,3.7.0.I20110519-0100,"",1321529122828
activated,workbench,org.eclipse.ui.workbench,3.7.0.I20110519-0100,"",1321529228203
executed,command,org.eclipse.ui,3.7.0.I20110602-0100,"org.eclipse.ui.edit.delete",1321529253937
deactivated,workbench,org.eclipse.ui.workbench,3.7.0.I20110519-0100,"",1321529274937
activated,workbench,org.eclipse.ui.workbench,3.7.0.I20110519-0100,"",1321529281031
executed,command,org.eclipse.ui,3.7.0.I20110602-0100,"org.eclipse.ui.file.export",1321529281062
activated,view,org.eclipse.debug.ui,3.7.0.v20110518,"org.eclipse.debug.ui.DebugView",1321529284515
activated,perspective,org.eclipse.jst.j2ee.ui,1.1.500.v201104151900,"org.eclipse.jst.j2ee.J2EEPerspective",1321529286093
activated,editor,org.eclipse.jdt.ui,3.7.0.v20110531-1200,"org.eclipse.jdt.ui.CompilationUnitEditor",1321529286140
deactivated,workbench,org.eclipse.ui.workbench,3.7.0.I20110519-0100,"",1321529287953
activated,workbench,org.eclipse.ui.workbench,3.7.0.I20110519-0100,"",1321529297125
deactivated,workbench,org.eclipse.ui.workbench,3.7.0.I20110519-0100,"",1321529298453
activated,workbench,org.eclipse.ui.workbench,3.7.0.I20110519-0100,"",1321529298453
deactivated,workbench,org.eclipse.ui.workbench,3.7.0.I20110519-0100,"",1321529298546
activated,workbench,org.eclipse.ui.workbench,3.7.0.I20110519-0100,"",1321529433609
executed,command,org.eclipse.ui,3.7.0.I20110602-0100,"org.eclipse.ui.edit.delete",1321529440515
executed,command,org.eclipse.ui,3.7.0.I20110602-0100,"org.eclipse.ui.edit.delete",1321529440671
executed,command,org.eclipse.ui,3.7.0.I20110602-0100,"org.eclipse.ui.edit.delete",1321529442906
executed,command,org.eclipse.ui,3.7.0.I20110602-0100,"org.eclipse.ui.edit.delete",1321529443093
activated,view,org.eclipse.ui.navigator.resources,3.4.300.I20110421-1800,"org.eclipse.ui.navigator.ProjectExplorer",1321529459562
deactivated,workbench,org.eclipse.ui.workbench,3.7.0.I20110519-0100,"",1321529461890
activated,workbench,org.eclipse.ui.workbench,3.7.0.I20110519-0100,"",1321529468781
executed,command,org.eclipse.ui,3.7.0.I20110602-0100,"org.eclipse.ui.file.export",1321529468812
executed,command,org.eclipse.ui,3.7.0.I20110602-0100,"org.eclipse.ui.file.export",1321529468812
deactivated,workbench,org.eclipse.ui.workbench,3.7.0.I20110519-0100,"",1321529471640
activated,workbench,org.eclipse.ui.workbench,3.7.0.I20110519-0100,"",1321529471640
deactivated,workbench,org.eclipse.ui.workbench,3.7.0.I20110519-0100,"",1321529471750
activated,workbench,org.eclipse.ui.workbench,3.7.0.I20110519-0100,"",1321529618953
activated,editor,org.eclipse.jdt.ui,3.7.0.v20110531-1200,"org.eclipse.jdt.ui.CompilationUnitEditor",1321529619828
executed,command,org.eclipse.ui,3.7.0.I20110602-0100,"org.eclipse.ui.edit.copy",1321529744093
executed,command,org.eclipse.ui,3.7.0.I20110602-0100,"org.eclipse.ui.edit.paste",1321529745359
executed,command,org.eclipse.ui,3.7.0.I20110602-0100,"org.eclipse.ui.edit.delete",1321529748281
executed,command,org.eclipse.ui,3.7.0.I20110602-0100,"org.eclipse.ui.edit.delete",1321529750687
executed,command,org.eclipse.ui,3.7.0.I20110602-0100,"org.eclipse.ui.edit.delete",1321529750937
executed,command,org.eclipse.ui,3.7.0.I20110602-0100,"org.eclipse.ui.edit.delete",1321529762406
executed,command,org.eclipse.ui,3.7.0.I20110602-0100,"org.eclipse.ui.edit.delete",1321529766062
executed,command,org.eclipse.ui,3.7.0.I20110602-0100,"org.eclipse.ui.edit.delete",1321529766375
executed,command,org.eclipse.ui,3.7.0.I20110602-0100,"org.eclipse.ui.edit.delete",1321529784093
executed,command,org.eclipse.ui,3.7.0.I20110602-0100,"org.eclipse.ui.edit.delete",1321529784359
executed,command,org.eclipse.ui,3.7.0.I20110602-0100,"org.eclipse.ui.edit.delete",1321529784812
executed,command,org.eclipse.ui,3.7.0.I20110602-0100,"org.eclipse.ui.edit.copy",1321529854203
executed,command,org.eclipse.ui,3.7.0.I20110602-0100,"org.eclipse.ui.edit.paste",1321529855359
executed,command,org.eclipse.ui,3.7.0.I20110602-0100,"org.eclipse.ui.edit.paste",1321529856359
executed,command,org.eclipse.ui,3.7.0.I20110602-0100,"org.eclipse.ui.edit.delete",1321529862890
executed,command,org.eclipse.ui,3.7.0.I20110602-0100,"org.eclipse.ui.edit.delete",1321529863390
executed,command,org.eclipse.ui,3.7.0.I20110602-0100,"org.eclipse.ui.edit.delete",1321529863437
executed,command,org.eclipse.ui,3.7.0.I20110602-0100,"org.eclipse.ui.edit.delete",1321529863484
executed,command,org.eclipse.ui,3.7.0.I20110602-0100,"org.eclipse.ui.edit.delete",1321529863687
executed,command,org.eclipse.ui,3.7.0.I20110602-0100,"org.eclipse.ui.edit.delete",1321529863875
executed,command,org.eclipse.ui,3.7.0.I20110602-0100,"org.eclipse.ui.edit.delete",1321529869796
executed,command,org.eclipse.ui,3.7.0.I20110602-0100,"org.eclipse.ui.edit.delete",1321529875781
executed,command,org.eclipse.ui,3.7.0.I20110602-0100,"org.eclipse.ui.edit.delete",1321529875984
executed,command,org.eclipse.ui,3.7.0.I20110602-0100,"org.eclipse.ui.edit.delete",1321529878671
executed,command,org.eclipse.ui,3.7.0.I20110602-0100,"org.eclipse.ui.edit.delete",1321529878843
deactivated,workbench,org.eclipse.ui.workbench,3.7.0.I20110519-0100,"",1321529891671
activated,workbench,org.eclipse.ui.workbench,3.7.0.I20110519-0100,"",1321529892750
executed,command,org.eclipse.ui,3.7.0.I20110602-0100,"org.eclipse.ui.edit.copy",1321529924437
executed,command,org.eclipse.ui,3.7.0.I20110602-0100,"org.eclipse.ui.edit.paste",1321529932781
executed,command,org.eclipse.ui,3.7.0.I20110602-0100,"org.eclipse.ui.edit.copy",1321530002984
executed,command,org.eclipse.ui,3.7.0.I20110602-0100,"org.eclipse.ui.edit.copy",1321530008218
executed,command,org.eclipse.ui,3.7.0.I20110602-0100,"org.eclipse.ui.edit.paste",1321530015281
executed,command,org.eclipse.ui,3.7.0.I20110602-0100,"org.eclipse.ui.edit.copy",1321530042546
executed,command,org.eclipse.ui,3.7.0.I20110602-0100,"org.eclipse.ui.edit.paste",1321530043750
executed,command,org.eclipse.ui,3.7.0.I20110602-0100,"org.eclipse.ui.edit.delete",1321530057703
executed,command,org.eclipse.ui,3.7.0.I20110602-0100,"org.eclipse.ui.edit.delete",1321530058109
executed,command,org.eclipse.ui,3.7.0.I20110602-0100,"org.eclipse.ui.edit.delete",1321530077406
executed,command,org.eclipse.ui,3.7.0.I20110602-0100,"org.eclipse.ui.edit.copy",1321530126656
executed,command,org.eclipse.ui,3.7.0.I20110602-0100,"org.eclipse.ui.edit.paste",1321530153593
executed,command,org.eclipse.ui,3.7.0.I20110602-0100,"org.eclipse.ui.edit.copy",1321530161968
executed,command,org.eclipse.ui,3.7.0.I20110602-0100,"org.eclipse.ui.edit.paste",1321530183703
executed,command,org.eclipse.ui,3.7.0.I20110602-0100,"org.eclipse.ui.edit.delete",1321530194156
executed,command,org.eclipse.ui,3.7.0.I20110602-0100,"org.eclipse.ui.edit.delete",1321530194765
executed,command,org.eclipse.ui,3.7.0.I20110602-0100,"org.eclipse.ui.edit.delete",1321530195265
executed,command,org.eclipse.ui,3.7.0.I20110602-0100,"org.eclipse.ui.edit.delete",1321530195312
executed,command,org.eclipse.ui,3.7.0.I20110602-0100,"org.eclipse.ui.edit.delete",1321530195359
executed,command,org.eclipse.ui,3.7.0.I20110602-0100,"org.eclipse.ui.edit.delete",1321530195406
executed,command,org.eclipse.ui,3.7.0.I20110602-0100,"org.eclipse.ui.edit.delete",1321530195453
executed,command,org.eclipse.ui,3.7.0.I20110602-0100,"org.eclipse.ui.edit.delete",1321530195500
executed,command,org.eclipse.ui,3.7.0.I20110602-0100,"org.eclipse.ui.edit.delete",1321530195546
executed,command,org.eclipse.ui,3.7.0.I20110602-0100,"org.eclipse.ui.edit.delete",1321530195593
executed,command,org.eclipse.ui,3.7.0.I20110602-0100,"org.eclipse.ui.edit.delete",1321530195640
executed,command,org.eclipse.ui,3.7.0.I20110602-0100,"org.eclipse.ui.edit.delete",1321530195687
executed,command,org.eclipse.ui,3.7.0.I20110602-0100,"org.eclipse.ui.edit.delete",1321530195734
executed,command,org.eclipse.ui,3.7.0.I20110602-0100,"org.eclipse.ui.edit.delete",1321530195781
executed,command,org.eclipse.ui,3.7.0.I20110602-0100,"org.eclipse.ui.edit.delete",1321530195828
executed,command,org.eclipse.ui,3.7.0.I20110602-0100,"org.eclipse.ui.edit.delete",1321530196046
executed,command,org.eclipse.ui,3.7.0.I20110602-0100,"org.eclipse.ui.edit.delete",1321530196265
executed,command,org.eclipse.ui,3.7.0.I20110602-0100,"org.eclipse.ui.edit.delete",1321530196468
executed,command,org.eclipse.ui,3.7.0.I20110602-0100,"org.eclipse.ui.edit.delete",1321530196671
executed,command,org.eclipse.ui,3.7.0.I20110602-0100,"org.eclipse.ui.edit.copy",1321530230984
executed,command,org.eclipse.ui,3.7.0.I20110602-0100,"org.eclipse.ui.edit.paste",1321530241750
executed,command,org.eclipse.ui,3.7.0.I20110602-0100,"org.eclipse.ui.edit.delete",1321530262781
executed,command,org.eclipse.ui,3.7.0.I20110602-0100,"org.eclipse.ui.edit.delete",1321530262984
executed,command,org.eclipse.ui,3.7.0.I20110602-0100,"org.eclipse.ui.edit.delete",1321530263218
deactivated,workbench,org.eclipse.ui.workbench,3.7.0.I20110519-0100,"",1321530300203
activated,workbench,org.eclipse.ui.workbench,3.7.0.I20110519-0100,"",1321530306781
executed,command,org.eclipse.ui,3.7.0.I20110602-0100,"org.eclipse.ui.file.export",1321530306796
deactivated,workbench,org.eclipse.ui.workbench,3.7.0.I20110519-0100,"",1321530309984
activated,workbench,org.eclipse.ui.workbench,3.7.0.I20110519-0100,"",1321530314000
deactivated,workbench,org.eclipse.ui.workbench,3.7.0.I20110519-0100,"",1321530314906
activated,workbench,org.eclipse.ui.workbench,3.7.0.I20110519-0100,"",1321530314906
deactivated,workbench,org.eclipse.ui.workbench,3.7.0.I20110519-0100,"",1321530315031
activated,workbench,org.eclipse.ui.workbench,3.7.0.I20110519-0100,"",1321530401812
deactivated,workbench,org.eclipse.ui.workbench,3.7.0.I20110519-0100,"",1321530479406
activated,workbench,org.eclipse.ui.workbench,3.7.0.I20110519-0100,"",1321530487078
executed,command,org.eclipse.ui,3.7.0.I20110602-0100,"org.eclipse.ui.file.export",1321530487109
deactivated,workbench,org.eclipse.ui.workbench,3.7.0.I20110519-0100,"",1321530490578
activated,workbench,org.eclipse.ui.workbench,3.7.0.I20110519-0100,"",1321530494859
deactivated,workbench,org.eclipse.ui.workbench,3.7.0.I20110519-0100,"",1321530495609
activated,workbench,org.eclipse.ui.workbench,3.7.0.I20110519-0100,"",1321530495609
deactivated,workbench,org.eclipse.ui.workbench,3.7.0.I20110519-0100,"",1321530495750
activated,workbench,org.eclipse.ui.workbench,3.7.0.I20110519-0100,"",1321530567078
deactivated,workbench,org.eclipse.ui.workbench,3.7.0.I20110519-0100,"",1321530567421
activated,workbench,org.eclipse.ui.workbench,3.7.0.I20110519-0100,"",1321530567421
deactivated,workbench,org.eclipse.ui.workbench,3.7.0.I20110519-0100,"",1321530567593
activated,workbench,org.eclipse.ui.workbench,3.7.0.I20110519-0100,"",1321530569796
executed,command,org.eclipse.ui,3.7.0.I20110602-0100,"org.eclipse.ui.edit.delete",1321530578187
executed,command,org.eclipse.ui,3.7.0.I20110602-0100,"org.eclipse.ui.edit.delete",1321530578515
executed,command,org.eclipse.ui,3.7.0.I20110602-0100,"org.eclipse.ui.edit.delete",1321530600312
executed,command,org.eclipse.ui,3.7.0.I20110602-0100,"org.eclipse.ui.file.save",1321530670703
deactivated,workbench,org.eclipse.ui.workbench,3.7.0.I20110519-0100,"",1321530681640
activated,workbench,org.eclipse.ui.workbench,3.7.0.I20110519-0100,"",1321530689125
executed,command,org.eclipse.ui,3.7.0.I20110602-0100,"org.eclipse.ui.file.export",1321530689156
deactivated,workbench,org.eclipse.ui.workbench,3.7.0.I20110519-0100,"",1321530691203
activated,workbench,org.eclipse.ui.workbench,3.7.0.I20110519-0100,"",1321530738078
executed,command,org.eclipse.ui,3.7.0.I20110602-0100,"org.eclipse.ui.edit.delete",1321530740781
executed,command,org.eclipse.ui,3.7.0.I20110602-0100,"org.eclipse.ui.edit.delete",1321530740953
deactivated,workbench,org.eclipse.ui.workbench,3.7.0.I20110519-0100,"",1321530759734
activated,workbench,org.eclipse.ui.workbench,3.7.0.I20110519-0100,"",1321530766421
executed,command,org.eclipse.ui,3.7.0.I20110602-0100,"org.eclipse.ui.file.export",1321530766437
deactivated,workbench,org.eclipse.ui.workbench,3.7.0.I20110519-0100,"",1321530772156
activated,workbench,org.eclipse.ui.workbench,3.7.0.I20110519-0100,"",1321530819812
executed,command,org.eclipse.ui,3.7.0.I20110602-0100,"org.eclipse.ui.edit.delete",1321530971734
executed,command,org.eclipse.ui,3.7.0.I20110602-0100,"org.eclipse.ui.edit.delete",1321531002734
executed,command,org.eclipse.ui,3.7.0.I20110602-0100,"org.eclipse.ui.edit.delete",1321531002906
executed,command,org.eclipse.ui,3.7.0.I20110602-0100,"org.eclipse.ui.edit.delete",1321531018421
executed,command,org.eclipse.ui,3.7.0.I20110602-0100,"org.eclipse.ui.edit.delete",1321531018640
deactivated,workbench,org.eclipse.ui.workbench,3.7.0.I20110519-0100,"",1321531047390
activated,workbench,org.eclipse.ui.workbench,3.7.0.I20110519-0100,"",1321531048656
deactivated,workbench,org.eclipse.ui.workbench,3.7.0.I20110519-0100,"",1321531049125
activated,editor,org.eclipse.jdt.ui,3.7.0.v20110531-1200,"org.eclipse.jdt.ui.CompilationUnitEditor",1321531049265
activated,workbench,org.eclipse.ui.workbench,3.7.0.I20110519-0100,"",1321531050921
activated,perspective,org.eclipse.debug.ui,3.7.0.v20110518,"org.eclipse.debug.ui.DebugPerspective",1321531055656
activated,view,org.eclipse.debug.ui,3.7.0.v20110518,"org.eclipse.debug.ui.DebugView",1321531057453
executed,command,org.eclipse.debug.ui,3.7.0.v20110518,"org.eclipse.debug.ui.commands.Terminate",1321531057578
activated,perspective,org.eclipse.jst.j2ee.ui,1.1.500.v201104151900,"org.eclipse.jst.j2ee.J2EEPerspective",1321531059203
